CLASSE,TEXTE_AUTRE
Application Mobile/Ch.net,problème application mobile
Service en agence,mieux communiquer avec le client
Service en agence,amélioration sur la qualité des personnelles
Service en agence,"être  en phase avec les banque concurrent ,problème des messages n'est pas à jour"
Service en agence,"problème des messages n'est pas à jour ,mieux communiquer avec le client"
Application Mobile/Ch.net,retard des notifications dans l'application - l'application pocket bank n'est pas à jour -
Attente en agence,manque des agents
Service en agence,souci de transfére de compte
Problèmes Gab,le client réclame que ses demandes ne sont pas traités au niveau d'autres agences appart son agence habituelle
Service en agence,informer le client  avant cluturé son compte
Service en agence,"manque de de personnel , sécurisé les compte bancaires"
Service en agence,mieux communiquer avec le client
Frais élevés des produits et services,retard de virement  bancaire
Application Mobile/Ch.net,application mobile
Service en agence,service en ligne
Attente en agence,servive long en agence /le client prend du temps pour lui rend son service
Application Mobile/Ch.net,probleme application mobile retard virement
Attente en agence,le client réclame qu'il doit être plusieurs des agents dans l'agence
Frais élevés des produits et services,ameliorer l offre credit time /probleme sevice en agence
"Améliorer l'offre crédit(taux,process,time)",surtout les crédié immobilier
Frais élevés des produits et services,prélèvement non justifiée
Application Mobile/Ch.net,l'application pocket bank n'est pas à jour
Problèmes Gab,augmentation a plafond de carte visa
Problèmes Gab,-ameliorer le plafond de carte guichet - ajouter l'option de achat par internet - alimentation des gab (gab vide)- rajout des gab
Frais élevés des produits et services,améliorer prélèvement non justifiée
Service en agence,probleme de service client en agence/et aussi probleme de systeme de reseau dans l agence
Service en agence,manque l'agence
Problèmes Gab,probleme manque de gab prend beaucoup de temps pour tirer son argent
Problèmes Gab,manque d'argent dans les gab en week and
Service en agence,ameliorer probleme le teau du credit
Service en agence,probléme d'envoyer pas les sms des opération a téléphone
Service en agence,amélioration sur la qualité des personnelles
Service en agence,problème de transfert
Service en agence,probléme d'envoyer pas les sms des opération a téléphone
Service en agence,problème de la retraite
Service en agence,mieux communiquer avec le client
Application Mobile/Ch.net,-application mobile -developper le service d'achats sans contact
Service en agence,les prélèvement élevés
Frais élevés des produits et services,augmentation a plafond d'envoie l'argent
Problèmes Gab,"augmentation a plafond d'envoie l'argent en gab , problème de système"
Service en agence,probléme d'envoyer pas les sms des opération a téléphone
Service en agence,-ameliorer la qualité d'accueil
Problèmes Gab,-
Service en agence,probleme les frais elevés /le client demande la facilter du credit
Frais élevés des produits et services,prélèvement non justifiée
Problèmes Gab,le client réclame qu'il doit être plusieurs des agents dans l'agence
Application Mobile/Ch.net,-probléme d'application mobile
Application Mobile/Ch.net,-developper l'application pocket bank
Frais élevés des produits et services,probleme les frais elevés
Application Mobile/Ch.net,ameliorer l application mobile
Service en agence,service au niveau de whatsapp
Problèmes Gab,améliorer l'gab
Frais élevés des produits et services,les frais des produits et services
Service en agence,la carte guiche internationale
Service en agence,le client réclame qu'il doit être plusieurs des agents dans l'agence
Application Mobile/Ch.net,crc
Frais élevés des produits et services,paiement de facture pas gratuite
Problèmes Gab,alimentationdes gab /probleme les frais  elevés
Problèmes Gab,augmentation a plafond d'envoie l'argent en gab
"Améliorer l'offre crédit(taux,process,time)",améliore service
Service en agence,manque les agence
Problèmes Gab,augmentation a plafond d'envoie l'argent en gab
Application Mobile/Ch.net,plus sécurité dans la application
Service en agence,-l
Frais élevés des produits et services,frais élevés
Problèmes Gab,augmentation a plafond d'envoie l'argent en gab (+2000dh)
Service en agence,probleme de transfert l'agence
Service en agence,retard affiche le salaire
Service en agence,procédure de la transfert l'agence
Service en agence,manque les agence
Frais élevés des produits et services,probléme d'envoyer pas les sms des opération a téléphone
Attente en agence,la cliente souhaite d'ajouter un autre emplacement dans le pause déjeuner
Service en agence,probléme de transfert
Service en agence,prélèvement non justifiée
Application Mobile/Ch.net,le client réclame qu'il doit être plusieurs des agents dans l'agence     probléme d'envoyer pas les sms des opération a téléphone
Service en agence,"le client réclame qu'il doit être plusieurs des agents dans , la disponibilité des agents dans l'agence tous les moments  l'agence"
Attente en agence,le client réclame qu'il doit être plusieurs des agents dans l'agence
Service en agence,manque les a agence dans les petite ville
Problèmes Gab,amélioration de crc
Service en agence,le client réclame qu'il doit être plusieurs des agents dans l'agence
Service en agence,manque les agence
Service en agence,guiche automatique
Problèmes Gab,retard de virement de salaire - manque des agences
Problèmes Gab,le client souhaite d'ajouter une guichet automatique pour le versement
Frais élevés des produits et services,prélèvement non justifiée
Service en agence,le client jaime envoyer les relevé bancaire dans l'adresse
Service en agence,prélèvement non justifiée
Frais élevés des produits et services,le client réclame qu'il doit être plusieurs des agents dans l'agence
Service en agence,manque l'agence
Problèmes Gab,améliorer le service des sms
Service en agence,retard de traitement
Problèmes Gab,manque de gab
Service en agence,le système d'information  n'est pas à jour
Service en agence,améliorer le service des sms
Service en agence,améliorer le service des sms
Problèmes Gab,le client souhaite un gab dans l'agence
Frais élevés des produits et services,retard de traitement
Problèmes Gab,le client souhaite d'ajouter un guichet automatique pour le versement
Application Mobile/Ch.net,la rapidité des services
Attente en agence,manque d'agence
Problèmes Gab,manque de gab
Service en agence,retard de traitement
Service en agence,ajouter googlepay
Service en agence,manque de personnel
Service en agence,le client réclame que ses demandes ne sont pas traités au niveau d'autres agences appart son agence habituelle
Service en agence,le client souhait une carte banquaire des achats en ligne
"Améliorer l'offre crédit(taux,process,time)",mieux communiquer avec le client
Application Mobile/Ch.net,retard de traitement
Service en agence,retard de traitement
Service en agence,retard de traitement
Application Mobile/Ch.net,améliorer les applications mobile
Application Mobile/Ch.net,améliorer le système informatique de la banque
Application Mobile/Ch.net,prob de virement
Service en agence,rajouter plus dagents
Service en agence,rajouter plus dagences de la banque populaire
Service en agence,le bon accueil et ne pas laisser le client dehors
Application Mobile/Ch.net,ameliorer opération des virement
Problèmes Gab,rajouter plus d'agences
Service en agence,avoir un service rapide dans le cas d'urgence
Service en agence,améliorer le système de réseau au niveau de l'agence
Problèmes Gab,avoir la possibilité davoir un gab  au niveau des sosieté de travail afin que les agents puissent lutulisé
Service en agence,avoir la possibilité davoir un credit sans interets
Application Mobile/Ch.net,centre de formation pour le client pour apprendre a manipuler sur lapplication mobile
Application Mobile/Ch.net,le télépaiement ne doit pas etre bloqué
Service en agence,la possibilité davoir le salaire juste apres que la sossieté le depose au niveau de la banue
Service en agence,la rapidité de traiter les demandes des clients
Service en agence,un service en permanence aux weekend
Service en agence,la rapidité des traiter les demandes des clients
Service en agence,la possibiliter davoir tirer 5000 dh par jour via la carte
Application Mobile/Ch.net,la mis a jour de lapplication
Service en agence,rapidité au niveau des service des virements
Attente en agence,la rapidité des services
Frais élevés des produits et services,",virement en retard"
Frais élevés des produits et services,le taux d'intérêt élevé
Service en agence,comme la cliente est une femme agé elle prefere de laisse son fils  lui faire tous les services au niveau de la banque et de ne pas avoir des difficulté paraport a cette situation
Problèmes Gab,rajouter plus de guichet
Service en agence,la facilité denvoyer de laergent du maroc  a l'europe
Application Mobile/Ch.net,la mis a jour de l'application
Service en agence,RAS
Service en agence,traiter les demandes clients rapidement
Application Mobile/Ch.net,la mis a jour de lapplication
Service en agence,la rapidité de traiter les demandes des clients
Service en agence,traiter les demande clients
Service en agence,avoir de nouveau partenaires
Service en agence,avoir un relevé banquaire semsetrielle ou bien annuelle
Service en agence,un bon accueil
Attente en agence,rajouter plus d'agents au niveau de l'agence
Service en agence,la digitalisation
Attente en agence,rajouter plus dagents au niveau de lagence
Attente en agence,rajouter plus dagents
Service en agence,recevoir des notification du compte sur le watsup
Service en agence,ameliorer le systheme de reseau de l'agence
Problèmes Gab,la possibilité de retirer 50 dh du guichet
Service en agence,avoir la possibilité de retirer plus 3000 dh en une seule fois
Service en agence,la transparence au niveau de service
Service en agence,avoir des aides de la pat de la banque
Attente en agence,rajouter plus dagents au niveau de lagence
Frais élevés des produits et services,la possibilité de retirer 4000 dh en une seul fois
Service en agence,avoir un credit dans interets
Service en agence,avoir le virementrapidement et ne pas terder le virement de salaire
Service en agence,l'amélioration au niveau de la technologie
Service en agence,avoir la possibilité de changer des ticket en argent a la banque
Attente en agence,rajouter dagents au niveau delagence
Service en agence,avoir la possibilité de retirer plus de 20 millions
Service en agence,ne pas accepter la demande de cloturation de compte
Service en agence,continuer a contacter les clients et les sensibiliser et leurs donner des conseils et du nouveau
Problèmes Gab,proteger les guichets du soleil
Problèmes Gab,rajouter plus de guichets
Problèmes Gab,augmenté le plafon
Service en agence,retard de virement
Service en agence,facilité les  services pour les gents de 60 ans et plus
Service en agence,ameliorer l'accueil
Service en agence,la degitalisation et l'amélioration du service pour traiter rapidement les demandes des clients
Service en agence,arreter lenvoie des letrres a l'adresse de la cliente
Service en agence,manque de communication
Service en agence,activer le paiement via le telephone
Frais élevés des produits et services,activer les notification pour n'importe service
Service en agence,le bon traitement avec ls retraités
Service en agence,avoir un service de sondage anonym via des machines
Service en agence,partager les nouvelles offres
Frais élevés des produits et services,rajouter plus d'agences
Application Mobile/Ch.net,retard de mise a jour
Service en agence,ne pas recevoir des lettres personnels  a ladresse ancienne
Service en agence,recruter des agents bien former et respectueux
Frais élevés des produits et services,donner des cadeaux au clients fidèle
Service en agence,améliorer le traitement des agents de l'agence
Service en agence,rajouter plus d'agence pour traiter rapidement les demandes des clients
Application Mobile/Ch.net,retard de mise à jour
Service en agence,la rapidité des services (les virements)
Service en agence,améliorer le logiciel
Problèmes Gab,rajouter plus de gab
Service en agence,rajouter un service spéciale  a la femme
Problèmes Gab,rajouter plus de guichets
Service en agence,améliorer le système de réseau dans l'agence
Service en agence,traiter la demande de client  dans nimporte quelle agence
Application Mobile/Ch.net,la mis a jour au niveau de l'application
Service en agence,rajouter plus dagence prés de ladresse de la cliente
Problèmes Gab,prob de guichets
"Améliorer l'offre crédit(taux,process,time)",améliorer les offres de crédit pour les jeunes
Frais élevés des produits et services,rendre la banque plus avantagieuse que les autres banques
Problèmes Gab,avoir des facilités et diminuer les frais des services
Problèmes Gab,les guichets automatiques
Application Mobile/Ch.net,prélèvements injustifié
Service en agence,les cartes monétiques
Application Mobile/Ch.net,le retard des virements
Problèmes Gab,gab
Problèmes Gab,gab
Application Mobile/Ch.net,ajouter des marchands au niveau de chaabi net (oncf)
Attente en agence,manque de personnel au niveau de l'agence
Problèmes Gab,"problème des gabs, la proximité des agences et guichets"
Application Mobile/Ch.net,paiement à l'internationale
Service en agence,"retard du dossier de renouvelement de credit, manque de respect au niveau du personnel"
Application Mobile/Ch.net,prélèvements
Problèmes Gab,prb guichet automatique
Attente en agence,prélèvements
Service en agence,le client réclame un comportement inapproprié du personnel de l’agence
Application Mobile/Ch.net,faire une application pour les comptes société
Application Mobile/Ch.net,chaabi mobile 
Problèmes Gab,services gab
Application Mobile/Ch.net,les prélèvements injustifié
Service en agence,prélèvements
Application Mobile/Ch.net,pocket bank/ chaabi net
Problèmes Gab,prb guichet automatique
Application Mobile/Ch.net,application
Application Mobile/Ch.net,amelioration au niveau des paiements par carte
Application Mobile/Ch.net,"beaucoup de prelevement, soucis d'affichage an niveau de pocket bank"
Application Mobile/Ch.net,l'affichage de l'historique instantané et virement instantané
Application Mobile/Ch.net,et les prélèvements
Service en agence,le client réclame un comportement inapproprié du personnels de l'agence
Service en agence,disponibilité a l'accueil en agence
Attente en agence,les prélèvements
Service en agence,comportement agence
Service en agence,"manque de personnel,"
Attente en agence,crc
Application Mobile/Ch.net,prélèvements injustifiée
Application Mobile/Ch.net,difficultés des
Problèmes Gab,et l'alimentation du gab doit être a bonheur
Application Mobile/Ch.net,+soucis de systeme au niveau d'agence
Problèmes Gab,et gab 
Service en agence,prélèvements injustifiés
Service en agence,manque de personnel
Problèmes Gab,gab
Application Mobile/Ch.net,service d'agence
Application Mobile/Ch.net,"beaucoup de prélèvement , soucis de gab, la mise a jour au niveau de pocket bank"
Application Mobile/Ch.net,soucis de réseaux au niveau de l'agence
Service en agence,le comportement des personnels de l'agence
Problèmes Gab,soucis  au niveau du guichet
Frais élevés des produits et services,manque des agences
Problèmes Gab,soucis de gab
Application Mobile/Ch.net,"services gab, chaabi net"
Application Mobile/Ch.net,beaucoup de prelevement
Service en agence,virement gratuit d'une banque à une autre
Service en agence,rapidité des opérations dans l'agence
Application Mobile/Ch.net,retard des notifications
Service en agence,problème d'effectiffes
"Améliorer l'offre crédit(taux,process,time)",intérêts élevé
Attente en agence,manque de personnel
Service en agence,retard de traitement
Problèmes Gab,modification de plafon de retrait de gab à plus de 5000dh
Service en agence,problème de serveur
"Améliorer l'offre crédit(taux,process,time)",les intérêts élevé
Application Mobile/Ch.net,nombreuse notifications
Service en agence,les tickets
Application Mobile/Ch.net,ajouté les informations des crédits
Application Mobile/Ch.net,problème au niveau d'application
Service en agence,ajouté les opérations avec l'internationnal
Service en agence,retard des virements
"Améliorer l'offre crédit(taux,process,time)",taux des crédits élevé
Application Mobile/Ch.net,problème d'actualisation d'application
Attente en agence,maque des agents dans l'agence
"Améliorer l'offre crédit(taux,process,time)",retard d'acceptation de crédit
Frais élevés des produits et services,les prelevement elevee
Service en agence,manque des informations en agence
Service en agence,l'agence ne repont pas au appel
Application Mobile/Ch.net,retard de notification
Problèmes Gab,augmentation de plafan
Attente en agence,probleme au niveau d'assurance
Application Mobile/Ch.net,mise à jour
Application Mobile/Ch.net,probléme d'application  au niveau de changement d'agence
Service en agence,changement de compte d'agence a une autre
Application Mobile/Ch.net,developpement d'application
Service en agence,les prelevement elevee . pas de communication avec l'agence
Service en agence,changement de personnelle
Application Mobile/Ch.net,developpement d'application
Service en agence,les agents non compétents
Frais élevés des produits et services,les prelevment elvee
Application Mobile/Ch.net,amelioration au niveau d'application
Attente en agence,manque des agences
Problèmes Gab,augmentation de plafan à 5000dh
Frais élevés des produits et services,les prelevement elevee
Application Mobile/Ch.net,developpement au niveaux d'application
Application Mobile/Ch.net,developpement au niveau d'application
Frais élevés des produits et services,les prelevement  elevee
Application Mobile/Ch.net,probleme au niveau de systeme
Service en agence,pas de communication  avec le client
Frais élevés des produits et services,les prelevements
Problèmes Gab,periode des vacances
Service en agence,pas de communications aves le client
Application Mobile/Ch.net,n'est pas reçus le code d'application
Service en agence,pas d'overture d'un autre compte (associations)
Service en agence,les prelevement d'assurance meme si le client n'accepte pas l'offre d'assurance
Application Mobile/Ch.net,probleme au niveaux d'application
Service en agence,probleme au niveau de communication
Application Mobile/Ch.net,developpement  au niveau d'application
Service en agence,paiment par telephone  directement
Frais élevés des produits et services,les prelevements elevee
"Améliorer l'offre crédit(taux,process,time)",ajouter des packs
Service en agence,demande plus d'information et les details
Frais élevés des produits et services,les prelevement  non justifier
Problèmes Gab,au niveau de reseaux
Frais élevés des produits et services,les prelevement elevee
Problèmes Gab,samedi et dimanche
Problèmes Gab,la fin du mois
Application Mobile/Ch.net,les operations sont reçus en retard
Application Mobile/Ch.net,developpement au niveau d'application
Service en agence,les prelevement elelves
Application Mobile/Ch.net,les opperation reçus en  retard
Problèmes Gab,problème de réseaux
Service en agence,retard d'un mois pour une nouvelle carte  ( sans demande)
Service en agence,les agents non sérviable
Frais élevés des produits et services,les prelevements eleves
Application Mobile/Ch.net,la mise à jours d'application
Problèmes Gab,dans sles weekend la non disponibilité des gab
Service en agence,changement d'agence 
"Améliorer l'offre crédit(taux,process,time)",diminuer le taux d'intérêts
Application Mobile/Ch.net,dotation  . facilite de changements d'agence
"Améliorer l'offre crédit(taux,process,time)",diminuer les taux des credits
Application Mobile/Ch.net,les operation  sont reçus en retard ( developpement d'application)
Frais élevés des produits et services,les prelevement  eleves
Service en agence,problème de système
Application Mobile/Ch.net,amélioration au niveau d'application
Application Mobile/Ch.net,developpement d'application au niveau de securite
Application Mobile/Ch.net,developpement au niveau d'application
Problèmes Gab,jours ferier
Service en agence,mauvais service
Problèmes Gab,samedi et dimanche
Problèmes Gab,les retrai
Application Mobile/Ch.net,effectuer toutes les opérations par téléphone
Service en agence,la non acceptation de prolongement de la durée de crédit
Service en agence,appel payes
Application Mobile/Ch.net,probleme de conexion ( les prelevement 2 fois ou plus )
Problèmes Gab,pas de reçu
Problèmes Gab,samedi et dimanche
Service en agence,une seule carte compris l'offre international  normal 
Problèmes Gab,les frais eleves+ probleme gab
Problèmes Gab,augmentation au niveau de plafond
Application Mobile/Ch.net,retard de mise à jour
Attente en agence,parfois
Service en agence,le choix  de choisir les packs
Application Mobile/Ch.net,les opération sont reçus en retard
Application Mobile/Ch.net,les opérations sont reçus en retard
Frais élevés des produits et services,les prelevements eleves
Problèmes Gab,samedi et dimanche
Problèmes Gab,les jours feries
Problèmes Gab,manque des gab
Problèmes Gab,manques des gab dans les weekend
Problèmes Gab,dans les weekend
Application Mobile/Ch.net,probleme au niveau d'application
Problèmes Gab,samedi et dimanche
Application Mobile/Ch.net,retard de mise a jour
Service en agence,mauvaise  service  en agence
Problèmes Gab,prend beaucoup du temps
Service en agence,rien a signalée
Service en agence,l'accès de connecter avec paypal
Service en agence,service client dans n'importe quelle agence sans recourir à la premier agence
Service en agence,+ de pack avec moins de frais pour les jeunes et les femmes aussi pour les crédits
Application Mobile/Ch.net,annuler les commissions des paiements
Service en agence,retard de traitement. / les personnels
Service en agence,+ les packs proposés aux jeunes ne sont pas assez intéressants + les taux de crédits immo doivent être plus compétitifs
Service en agence,système
Service en agence,agence injoignable
Application Mobile/Ch.net,retard des opérations
Attente en agence,augmentation au niveau prélèvement /comportement agence/
Service en agence,les client souhaite un changement par rapport au shifts en agence ( fermeture à 17h)
Application Mobile/Ch.net,l'affectif de personnel au niveau de l'agence / retard de comptabilisation/ amélioration au niveau de pocket bank
Attente en agence,augmentation du nombre de l'effectif à l'agence / la durée de traitement du dossiers des crédits
Problèmes Gab,facilité au niveau de l'accord  de crédit
Service en agence,facilité la procédure des crédits
Problèmes Gab,les guichet automatique vide
Application Mobile/Ch.net,et le service de l'agence
Application Mobile/Ch.net,le relationnel
Application Mobile/Ch.net,les frais. / les frais de paiement des factures one sur l'application
Service en agence,commission / frais
Attente en agence,la cliente souhaite cloture son compte
Problèmes Gab,tout est bien
Application Mobile/Ch.net,la comptabilisation instantanée
Frais élevés des produits et services,l'accueil en agence / prendre en considération les clients qui ont des soucis de compréhension
Attente en agence,système toujours ko au niveau de l'agence
Application Mobile/Ch.net,+ retard de virement
Application Mobile/Ch.net,retard de la comptabilisation + affichage d'historique a jour
Service en agence,communication des informations
Application Mobile/Ch.net,ajouter le paiement internationale
Service en agence,les prélèvement
Attente en agence,+ retard de virement
Service en agence,avoir toute les informatons avant de
Service en agence,ouverture de compte
Service en agence,fluidité et rapidité des agents
Service en agence,les prélèvements injustifié
Service en agence,"personnel en agence ,"
Service en agence,comportement personnel
Service en agence,comportement agence
Service en agence,+facilité des crédits
Problèmes Gab,améliorer le si de la banque populaire
Application Mobile/Ch.net,les délais de virement pour une banque confrère   (instantanément)
Service en agence,panne système
Service en agence,mutation de compte
Application Mobile/Ch.net,client satisfait
Service en agence,minimiser les prélèvements
Problèmes Gab,client satisfait
Service en agence,manque de compétence pour le personnel de l'agence
Application Mobile/Ch.net,et les codes de confirmation
Application Mobile/Ch.net,retard comptabilisation
Service en agence,suggestion: ajout d'une agence en permanence le weekend toute la journée+ exonération des frais de pack
Frais élevés des produits et services,les pannes de système en agence
Service en agence,personnel de l'agence
Attente en agence,informer le client avant l'augmentation  par rapport au plafond des cartes ou de toutes nouveaux  services
Application Mobile/Ch.net,dotation touristique
Frais élevés des produits et services,client satisfait
Problèmes Gab,la disponibilité des gab à sefrou
Attente en agence,les transactions par carte
Service en agence,horaires des agences
Problèmes Gab,système au niveau de l'agence et la disponibilité au niveau des guichets et les prélèvements
Attente en agence,manque des agents
Service en agence,le délai de traitement des réclamations
Attente en agence,manque de personnel au niveau de l'agence
Attente en agence,manque de personnel
Frais élevés des produits et services,retard de virement
Application Mobile/Ch.net,retard de comptabilisation
Service en agence,souci de ligne au niveau d agence
Frais élevés des produits et services,augmenter le plafond de retrait sur la carte bancaire monétique
Frais élevés des produits et services,retrait au niveau d'agence
Service en agence,mauvaise comportement avec les clients
Application Mobile/Ch.net,l'agence ne répond pas aux appels téléphoniques
Service en agence,accueil en agence nul / agence ne répond pas aux appels téléphoniques/ recrutement des jeunes au niveau des agences
Service en agence,mauvaise comportement avec les clients
Application Mobile/Ch.net,synchronisation / facilité pour les personnes agées
Frais élevés des produits et services,souplesse de la mutation de compte
Problèmes Gab,rendre les virements instantanés
Service en agence,comportement personnel
Service en agence,pouvoir bénéficier du relevé bancaire cacheté au niveau de toutes les agences banque populaire
Service en agence,panne du système
Service en agence,souci connexion dans l'agence
Frais élevés des produits et services,souci sur système au niveau d'agence
Service en agence,le manque du personnel au niveau de l'agence
Service en agence,les personnels des agences et le réseaux au niveau d'agence
Application Mobile/Ch.net,virement instantanne
Problèmes Gab,les cartes
Application Mobile/Ch.net,le service a distance
Frais élevés des produits et services,les prélèvements
"Améliorer l'offre crédit(taux,process,time)",crédit immobilier
Frais élevés des produits et services,les prélèvements  des packs
Service en agence,mutation de compte
Problèmes Gab,"les prélèvements , délivrance carte de guichet"
"Améliorer l'offre crédit(taux,process,time)",manque de nombre de personnels
Application Mobile/Ch.net,les cartes monetiques
"Améliorer l'offre crédit(taux,process,time)",confiance client
Service en agence,retard de comptabilisation
Application Mobile/Ch.net,les comissions des factures
Problèmes Gab,les soucis du systme (lundi)
"Améliorer l'offre crédit(taux,process,time)",un dossier de rachat du dossier  crédit
Service en agence,service partout au maroc / toutes les agences au service de tout les clients / récuperation de carte changement de numéro de gsm ect
Application Mobile/Ch.net,service l'attestation de rib depuis l'application
Problèmes Gab,souci gab
Service en agence,les cartes monétiques 
Service en agence,demande de mutation de compte non prise en charge de la part de son agence
Service en agence,les documents pour lc
Application Mobile/Ch.net,la non réception les alertes sms
"Améliorer l'offre crédit(taux,process,time)",les documents
Service en agence,traitement des demandes dans n'importe d'agence
Application Mobile/Ch.net,chaabi mobile
Problèmes Gab,paiement des factures via gab
"Améliorer l'offre crédit(taux,process,time)",pour  le secteur agricole
Service en agence,les personnels des agence
Frais élevés des produits et services,des offres  packs pour les étudiants
Application Mobile/Ch.net,la comptabilisation des opérations
Application Mobile/Ch.net,les virements instantanés
Service en agence,augmentation de plafond de retrait des cartes monétiques et garder les mêmes frais
Problèmes Gab,disponibilité des gabs
Service en agence,augmentation de plafond des cartes monétiques
Service en agence,les demandes des attestation  dans n'importe agence
Application Mobile/Ch.net,retard de la comptabilisation des opérations
Service en agence,comportement des personnels
Service en agence,systeme au niveau d'agence
Service en agence,le comportement de personnel au niveau de l'agence
Service en agence,versement déplacé
"Améliorer l'offre crédit(taux,process,time)",demande de carnet de cheque
Service en agence,cliente  insatisfaite
Problèmes Gab,versement depuis le gab
Attente en agence,la disponibilité des agences dans les petites ville
Problèmes Gab,versement au niveau de gab et un plafond ouvert par rapport les cartes monétiques
Application Mobile/Ch.net,retard des alertes sms
Service en agence,l'agence est toujours injoignable  
Service en agence,le service monétique
Service en agence,souci connexion  d'agence
"Améliorer l'offre crédit(taux,process,time)",des offres crédit  pour les jeunes
Service en agence,l'effectif de personnel au niveau de l'agence durant la pause déjeuner
Attente en agence,un. services prive pour les  versement important  depuis l'agence
Frais élevés des produits et services,des prélèvements injustifié
Service en agence,la réponse des agence par téléphone
Application Mobile/Ch.net,un services a distance 24/24
Frais élevés des produits et services,manque d'effectif d'agence
Frais élevés des produits et services,réduire les frais pour les retraités
Service en agence,monnaie fiduciaire
Service en agence,les demandes des documents
Service en agence,retrait déplace
"Améliorer l'offre crédit(taux,process,time)",service d'avance
Application Mobile/Ch.net,simulation crédit au niveau pocket bank
"Améliorer l'offre crédit(taux,process,time)",les crédits pour tpe
Problèmes Gab,la comptabilisation des virements
Service en agence,la rapidité de service et l'agence est toujours injoignable
"Améliorer l'offre crédit(taux,process,time)",résiliation des crédits
Application Mobile/Ch.net,services paiement
Application Mobile/Ch.net,les frais des services depuis pocket bank
Service en agence,l'espace des agences
Application Mobile/Ch.net,comptabilisation des operations
Application Mobile/Ch.net,le délai de comptabilisation des opérations
Frais élevés des produits et services,frais sur l'encaissement
"Améliorer l'offre crédit(taux,process,time)",infos crédit
Problèmes Gab,plafond de retrait pour carte prima
Application Mobile/Ch.net,blocage sur le compte et la comptabilisation des opérations
Frais élevés des produits et services,plafond de retrait pour la carte prima
Attente en agence,manque personnels
Service en agence,comportement personnels
Frais élevés des produits et services,les prélèvements
Frais élevés des produits et services,crédits
Problèmes Gab,disponibilités des gab
Service en agence,comportement personnels
Application Mobile/Ch.net,le comportement de personnel au niveau de l'agence
Application Mobile/Ch.net,maj
Service en agence,non pris en charge des demandes
Service en agence,systeme down
Application Mobile/Ch.net,retard de comptabilisation et d'affichage
Application Mobile/Ch.net,la réception des alertes sms tardivement 
"Améliorer l'offre crédit(taux,process,time)",faire des formations souvent aux personnels /
Problèmes Gab,gab pas très bien alimenté au niveau de certaines agences 
Service en agence,l'agence a refusé de clôturer le deuxième compte de client qui n'a pas utilisé depuis des années
Service en agence,un mauvais comportement de la part de personnel
Application Mobile/Ch.net,retard de comptabilisation
Frais élevés des produits et services,le service monétique 
"Améliorer l'offre crédit(taux,process,time)",le taux de credit immo
Attente en agence,la file d'attente à l'agence
Application Mobile/Ch.net,délai de virement confrère
Service en agence,la comptabilisation
Service en agence,retard de mutation de compte 
Service en agence,comportement agence
Service en agence,la rapidité dans les virements au niveau de l'agence
Application Mobile/Ch.net,retard de la comptabilisation
Service en agence,informer les clients si le plafond de retrait va être changer
Service en agence,changement des agents
Application Mobile/Ch.net,la rapidité au niveau l'affichage sur application pocket bank et chaabi net
Problèmes Gab,raterait moins de 100 dh
Application Mobile/Ch.net,comptabilisation à jour
Service en agence,qualité d'acceuille
Service en agence,system down toujours sur l'agence
Attente en agence,gestion de la file les clients attendent à l'extérieur de l'agence
Service en agence,la mauvaise orientation de l'agence et le refus de traiter ses demandes
Application Mobile/Ch.net,augmentation du plafond des cartes
Service en agence,retard de comptabilisation
"Améliorer l'offre crédit(taux,process,time)",augmentation de tranche d'âge pour le crédit plus 70 ans
Service en agence,problème de rupture de système
Application Mobile/Ch.net,les documents via applications
Service en agence,pour l'agence de bourgoun a casablanca
Service en agence,l'agence après 14h dit qu'il n'y a pas de réseau
Service en agence,relevés bancaires 
Problèmes Gab,13h et 15h un souci de gab
"Améliorer l'offre crédit(taux,process,time)",plafonds des cartes
Service en agence,les prélèvements
Attente en agence,faire des boites de suggestion pour les avis des clients
Application Mobile/Ch.net,l'affichage des transactions à chaud
Application Mobile/Ch.net,le système informatique  en agence doit être efficace est bien
Application Mobile/Ch.net,le client souhaite activer la dotation touristique juste au niveau de l'app et aussi réclame pour l'affichage des opération tardive
Service en agence,"accueil,"
Service en agence,demande des directeurs d'agence compétant
Application Mobile/Ch.net,une seule carte fonctionne au niveau national et international
Problèmes Gab,manque de reçu sur les gab
Application Mobile/Ch.net,des instabilités au niveau de solde et les opérations a l'app pocket bank
Application Mobile/Ch.net,site  de bp entreprise
Application Mobile/Ch.net,le retard de compabilisation des opérations
Application Mobile/Ch.net,la mise a jour au niveau de l'application
Service en agence,le retard au niveau de traitement des demandes 
Service en agence,réseau au niveau des agences
Service en agence,annulation de l'assurance injad
Service en agence,propose de mettre une machine pour prendre le ticket pour mieux organiser
Service en agence,la souscription des produits sans autorisation du client
Attente en agence,augmentation des agents sur les agences
Problèmes Gab,problème de réseau au niveau de gab 
Attente en agence,système en panne  +manque de personnel
Application Mobile/Ch.net,ajouter des autres marchands
Frais élevés des produits et services,souhaite améliorer des produits pour les mineurs
Application Mobile/Ch.net,retard de la comptabilisation des virement
Service en agence,"le délai de traitement des demandes , la remise de chèques , la digitalisation du système "
Application Mobile/Ch.net,mutation de compte au niveau de l'application
Application Mobile/Ch.net,le retard des emails après la comptabilisation
Application Mobile/Ch.net,demande de crédit soit prise en charge sur l'app ou sur site
Service en agence,souci sur le réseau
Application Mobile/Ch.net,application
Application Mobile/Ch.net,l'amélioration des virements via l'application
Service en agence,les prélèvements / clôture de compte
Service en agence,service en ligne
Application Mobile/Ch.net,une autre carte qui est liée au compte paypal au lieu de la i-card
Application Mobile/Ch.net,blocage au niveau de l application
Service en agence,formation des agents au niveau des agences + amélioration au niveau de bp entreprises
Service en agence,amélioration des services aux agences
Frais élevés des produits et services,les frais des relevés
Attente en agence,augmentation de nombre de personnel
Service en agence,comportement des agents 
Service en agence,ajouter des agents au niveau des agences
Service en agence,les versements et les opérations hors agence initiale
Attente en agence,fediliser les clients fideles
Application Mobile/Ch.net,la mise a jours de solde
Problèmes Gab,augmentation d'effectif sur les agences/ rénovation des gab
Application Mobile/Ch.net,digitalisation des services + amélioration de l'affichage des services au niveau de l'application et le site
Service en agence,i-card
Service en agence,augmenter le plafond des paiement tpe
Attente en agence,augmenter le nombre des agences
Service en agence,en cas de chèque impayé
Service en agence,plus de personnel en agence
Service en agence,avoir une seule carte spécial qui s'occupe pour les paiements nationaux et iternationnaux
Service en agence,le client insatisfait pour la procédure de crédit immo et le service
Attente en agence,le client souhaite le suivi des agents avec les clients au niveau d'agence 
Service en agence,le client a trouvé des problèmes pour la demande de mutation de compte . la demande en attente ca fait 4 mois
Service en agence,au niveau des foramtion des agents /un manque d'information
Service en agence,prb réseaux agence
Service en agence,résoudre les problèmes de système en agence
Service en agence,les prelevements
Application Mobile/Ch.net,frais injustifié
Problèmes Gab,amelioration des ecrans de guichet ( la lumière /tactile ..) / améliorer les versements depuis les guichets
Application Mobile/Ch.net,retard de la comptabilisation
Service en agence,le comportement des directeurs des agences
Service en agence,le retard délivrance de chèque
Problèmes Gab,souci gab le week
Attente en agence,reseaux
Service en agence,le client souhaite rajouter plusieurs agence au niveau de la ville benslimane
Service en agence,lenteur de service panoramique
Frais élevés des produits et services,retrait 20dh et 50dh
Service en agence,horaire agence
Service en agence,retard de la demande mutation de compte
Service en agence,detail sur les retraits sur le compte / les pochettes de la carte bancaire
Service en agence,plus de personnel dans les régions populaire
Attente en agence,réseau au niveau d'agence
Service en agence,retard de mutation de compte
Service en agence,retard sur clôture de compte
Service en agence,virements
Application Mobile/Ch.net,retard de la comptabilisation
Service en agence,comportement agence
Application Mobile/Ch.net,plafond de la dotation
Service en agence,la carte retrait journalier inssufisant
"Améliorer l'offre crédit(taux,process,time)",minimiser le taux d'intérêt
Service en agence,facilité de récupérer les relevés bancaires sur quelque soit l'agence de la bp
Attente en agence,plus de personnel en agence
Service en agence,la réactivation des personnels
Problèmes Gab,la possibilité de retirer 4000dh d'un seul coup
Service en agence,ajoutez d'autres agences
Attente en agence,la non disponibilite des agences par telephone
Application Mobile/Ch.net,la digitalisation des services
Problèmes Gab,diminuer des taux de crédit / la rapidité / le suivi ou la réactivité
Service en agence,les prélèvements
Service en agence,demande de mutation non prise en charge
Problèmes Gab,file d'attente / gab pour le dépôt d'argent
Application Mobile/Ch.net,amélioration du système de l'app
"Améliorer l'offre crédit(taux,process,time)",le délai les traitement des demandes et les facilités pour les demandes sur les crédits
Application Mobile/Ch.net,l'activation de la dotation touristique en ligne
Service en agence,retard délivrance de chéquier
Application Mobile/Ch.net,frais injustifié
Application Mobile/Ch.net,chaabi mobile
Attente en agence,le manque des caissiers dans les agences
Service en agence,réseaux au niveau d'agences
Frais élevés des produits et services,agios
Application Mobile/Ch.net,résoudre le problème des montants en blocage
Application Mobile/Ch.net,chaabi mobile
Attente en agence,non cloture de compte quand il y a pas de movements
Service en agence,communiquer les clients si le compte reste
Frais élevés des produits et services,prélèvement
Service en agence,mauvaise comportement des personnels
Problèmes Gab,dépôt d'argent au gab au niveau de tout les agences
"Améliorer l'offre crédit(taux,process,time)",crédit sans intérêt pour les coopérative/association
Service en agence,comportement du personnel
Frais élevés des produits et services,les plafonds des cartes
Application Mobile/Ch.net,éliminer les frais de transfert cash
Application Mobile/Ch.net,amélioration du digital
Service en agence,traitement des demandes à distance
Frais élevés des produits et services,souscription d'assurance sans permission
Problèmes Gab,réception des alertes sms à temps
Service en agence,paiement par carte sur internet ajouter un autre moyen d'authentification par mail
Service en agence,comportement agence
Problèmes Gab,problème du système
Frais élevés des produits et services,frais des produits d'epargne
Frais élevés des produits et services,"traitement des demandes, beaucoup de commission"
Attente en agence,système au niveau de l'agence en panne 
Application Mobile/Ch.net,les virements permanents
Application Mobile/Ch.net,le retard de comptabilisation
Problèmes Gab,retard
Problèmes Gab,frais retrait gab interbancaire
Application Mobile/Ch.net,souci synchronisation
Application Mobile/Ch.net,retard comptabilisation
Problèmes Gab,gab hors service / non alimenté
Service en agence,la gestion du portefeuille de client / trouver des solutions / la communication de l'agence avec les clients
Service en agence,retard de comptabilisation
Application Mobile/Ch.net,*visibilité des chèques
Application Mobile/Ch.net,retard de comptabilisation des virements
Service en agence,le comportement des agents
Application Mobile/Ch.net,retard chaabi mobile
Service en agence,retrait déplacé
Application Mobile/Ch.net,chaabi mobile
Frais élevés des produits et services,frais gratuits pour les etudiants
Problèmes Gab,eclairage non visible sur les guichets
Service en agence,les agents de l'agence
Frais élevés des produits et services,les cartes bancaires
Service en agence,l'effectif au niveau des agences 
Application Mobile/Ch.net,trop de frais /
Application Mobile/Ch.net,retard de délivrance carte
Application Mobile/Ch.net,ajout de service oncf et la patente sur la rubrique paiement sur l'application
Application Mobile/Ch.net,retard de comptabilisation et retard de l'application
Application Mobile/Ch.net,chaabi mobile
Application Mobile/Ch.net,frais de services application
Application Mobile/Ch.net,la digitalisation
Service en agence,frais de retrait
Service en agence,systeme down au niveau des agences
Application Mobile/Ch.net,retard de comptabilisation / synchronisation
Service en agence,changement de personnel au niveau des agences 
Service en agence,les directeurs des agences fument au sein de l'agence
"Améliorer l'offre crédit(taux,process,time)",pour les tpe
Attente en agence,manque du personnel au niveau de l'agence
Attente en agence,manque de personnel au niveau de l'agence
"Améliorer l'offre crédit(taux,process,time)",aucune suggestion
Application Mobile/Ch.net,chaabi mobile
Problèmes Gab,recommandation : versement au niveau de guichet
Service en agence,systeme ko
Service en agence,comportement personnel
Service en agence,systeme ko
Application Mobile/Ch.net,recalcul de carte bancaire à travers l'app
Frais élevés des produits et services,les plafonds des cartes 
Service en agence,inclure la dotation e-commerce dans la meme carte sans avoir besoin de la i-card
Frais élevés des produits et services,les prélèvements mensuels
Service en agence,systeme ko
Problèmes Gab,les gab au week-end et les jours fériés
Service en agence,systeme ko
Frais élevés des produits et services,les achats en ligne par carte 
Application Mobile/Ch.net,chaabi mobile
Application Mobile/Ch.net,retard de comptabilisation
Application Mobile/Ch.net,retraits documents cachetés sans se déplacer
Application Mobile/Ch.net,retard de synchronisation et comptabilisation
Service en agence,comportement personnel
Service en agence,l'effectif au niveau de l'agence 
Application Mobile/Ch.net,la commission des factures
Service en agence,le comportement de personnel au niveau de l'agence 
Service en agence,appeler les clients pour leurs proposer des produits
Application Mobile/Ch.net,retard réception virement vers banque populaire
Application Mobile/Ch.net,le délai de comptabilisation des opérations 
Attente en agence,ralenti de suysteme
Frais élevés des produits et services,l'effectif de personnel au niveau de l'agence 
Service en agence,comportement personnel
Attente en agence,retard de comptabilisation  / digitaliser tout service au niveau d'agence
Service en agence,agence en permanence samedi matin
Application Mobile/Ch.net,améliorer le service à distance en ligne
Problèmes Gab,+gab vide  +améliorer l'offre crédit
Service en agence,retard des virements
Attente en agence,le système est ko la plupart du temps
Attente en agence,facilité du traitement
"Améliorer l'offre crédit(taux,process,time)",plus d'offres de crédit pour les professions libéraux
Service en agence,le probléme de systeme au niveau des agences
Attente en agence,plus d'agents de caisse
"Améliorer l'offre crédit(taux,process,time)",credits yousr
Application Mobile/Ch.net,retrait des clients déplassés
Application Mobile/Ch.net,prendre tous types de documentation juste au niveau de l'application
Attente en agence,plus d'agents sur les agences
Service en agence,lecomportement envers les clients dépassés
Problèmes Gab,alimenter les guichets
Problèmes Gab,+ajouter des agences
Application Mobile/Ch.net,retard de mise à jour au niveau de l'application
Problèmes Gab,+gab vide
Application Mobile/Ch.net,informer les clients en cas du changement du plafond de la carte bancaire
Service en agence,avoir
Application Mobile/Ch.net,le souci de paiement non abouti et montant hors mansour sur pocket bank et chaabi net
Application Mobile/Ch.net,améliorer l'app
Frais élevés des produits et services,+ frais élevés + mieux communiquer avec le client + délivrance de la carte bancaire de n'importe quelle agence
Application Mobile/Ch.net,la rapidité des mise a jours
Problèmes Gab,+récupération de la carte guichet
Service en agence,traitement de demande
Service en agence,les sms pour les opérations plus rapide
Service en agence,mauvais comportement du personnels de l'agence
Application Mobile/Ch.net,améliorer l application
Attente en agence,manque de personnel et long file
Service en agence,pack sans frais pour les retraités
Service en agence,+ les frais des produits et services
Application Mobile/Ch.net,ajouter l'effectif/ améliorer l'application
Attente en agence,+ retard de virement
Application Mobile/Ch.net,améliorer l'application
Application Mobile/Ch.net,réseau des agences
Application Mobile/Ch.net,système de comtabilisation
Problèmes Gab,le comportement du personnel
Problèmes Gab,+ attente
Application Mobile/Ch.net,chaabi mobile
Service en agence,sms
Service en agence,comportement personnels au sein d'agence
Application Mobile/Ch.net,+ l'agence ne répond pas au téléphone
Service en agence,l'agence ne répond pas au fixe
"Améliorer l'offre crédit(taux,process,time)",retard de réponse par rapport le dossier de crédit
Problèmes Gab,plus de gab sur zagoura
Attente en agence,+ retard de carnet de chèque
Attente en agence,soucis de systeme toujours au niveau de l'agence
Attente en agence,plus d'agents au niveau de l'agence
Application Mobile/Ch.net,bug l'application
Service en agence,le client réclame pour le plafond de la carte souhaite plus que 2000dh
Service en agence,des offres pour les femmes
Service en agence,comportement de l'agence
Service en agence,joignabilité au téléphone
Application Mobile/Ch.net,retard de la comptabilite
Service en agence,l'agence impose des produits sans accord du client
Application Mobile/Ch.net,les prélèvements non justifiés
Problèmes Gab,"manque d'agences, et gab"
Application Mobile/Ch.net,ameliorer la qualite des services en ligne
Attente en agence,et le réseaux au niveau de l'agence
Application Mobile/Ch.net,retard des salaires
Problèmes Gab,service gab
Attente en agence,le client réclame pour le comportement des agents et les frais très élevé de transfert cash vers agence
Problèmes Gab,soucis de guichet
Problèmes Gab,gab
Application Mobile/Ch.net,l'activation de la dotation
Service en agence,envois des offres par mails ou bien par sms
Problèmes Gab,service gab
Attente en agence,manque des agents
Service en agence,un besoin de personnel 
Application Mobile/Ch.net,le clkient réclame pour l’espèce il a pas trouvé d’espèce au niveau d'agence le jour même 
Application Mobile/Ch.net,la cliente souhaite que la comptabilisation des opérations soit  à ajour
Service en agence,améliorer l'acceuil au niveau de l'agence
Service en agence,insatisfait concernant
Application Mobile/Ch.net,retard de virement
Service en agence,améliorer le service au niveau de l'agence
Problèmes Gab,guichet
Service en agence,la communication avec les clients par les agents de l'agence
Application Mobile/Ch.net,retard des virements
Attente en agence,prb prélèvements
Service en agence,en cas de mutation de compte
Service en agence,ajout de l'effectifs
Service en agence,retard de demande de mutation de compte
Service en agence,et le retard des sms
Service en agence,attestation rib
Application Mobile/Ch.net,prélèvements trop relevés
Application Mobile/Ch.net,chaabi net
Application Mobile/Ch.net,digitaliser les servies  avec l'explication et la communication avec les clients
Attente en agence,il faut travailler sur la digitalisation des opérations chèques
Service en agence,informer le client plus des produits souscris sur le compte
Application Mobile/Ch.net,mise à jours de l'application + les réclamation doivent être en charge
Service en agence,les facilités de caisse + prélévement carte à fin de mois
Service en agence,et l'amélioration des paiements international
Application Mobile/Ch.net,application un peu compliquee
Service en agence,augmentation des plafonds des cartes
Service en agence,améliorer le service qualité au niveau de l'agence
Service en agence,le mauvais comportement des agents
Application Mobile/Ch.net,virement instantanée à n'importe quel moment
Service en agence,le comportement des agents en agence
Application Mobile/Ch.net,tout est bien
Application Mobile/Ch.net,ajouter le service de mutation de compte
Application Mobile/Ch.net,application pocket bank
Service en agence,tout est bien
Application Mobile/Ch.net,faire des publicités pour les infos des cartes
Attente en agence,manque des agents
Service en agence,attestation de versement
Application Mobile/Ch.net,et l'application pour les relevés bancaires 
Application Mobile/Ch.net,augmentation du plafond de la dotation
Service en agence,recrutement des agents pour les agences 
Application Mobile/Ch.net,non réception de code de confirmation
Application Mobile/Ch.net,et les factures qui ne s'appariaient pas au niveau de l'application pocket bank
Application Mobile/Ch.net,retard virement
Application Mobile/Ch.net,l'application à améliorer / comptabilisation des opérations doit être instantanée  / communication des informations sur
Service en agence,+ facilité pour les crédits
Attente en agence,manque des agents
Application Mobile/Ch.net,application mobile
Service en agence,mutation de compte
Service en agence,il faut baisser les frais des produits et services
Application Mobile/Ch.net,les frais sont très élevés par rapport aux concurrents
Service en agence,auto-entrepreneur
Problèmes Gab,le guichet vide du fond en weekends et les périodes d'el aïd
Service en agence,joignabilité sur téléphone
Service en agence,soucis au niveau du système
Service en agence,(credit)
Application Mobile/Ch.net,introduire le crédit immob in sine
Service en agence,retard virement
Service en agence,remplacement de personnel qui sont en congé au niveau de l'agence
Attente en agence,soucis de systeme
Service en agence,services électroniques
Application Mobile/Ch.net,l'application pocket
Service en agence,retard des virements weekend
Application Mobile/Ch.net,retard de réception sms
Attente en agence,les anomalies au niveau de système
Problèmes Gab,"ajouter des guichets pour effectuer des opérations (ver,remise de chèque...) après l'horaire normal des agences"
Problèmes Gab,"cibler plus les jeunes , ssouci au niveau des guichets automatique"
Problèmes Gab,soucis au niveau guichet automatique à bournazil agence najah
Service en agence,agence ne répond pas sur téléphone
Service en agence,tout est bien sauf au cas de anomalie l'agence qui doit appeler le client et non pas le contraire 
Service en agence,améliorer le service de qualité au niveau de l'agence
Application Mobile/Ch.net,retard de réception sms
Attente en agence,soucis de commisiion
Service en agence,soucis au niveau du système
Service en agence,les envois postaux chaque mois
Service en agence,comportement du personnels en agence
Application Mobile/Ch.net,application mobile
Application Mobile/Ch.net,service agence
Application Mobile/Ch.net,abonnement au niveau d'agence
Service en agence,comportement de agents
Application Mobile/Ch.net,frais élevé
Attente en agence,ajouter l'effectif des agents en agence
Application Mobile/Ch.net,ajouter l'option de changement d'adresse email
Application Mobile/Ch.net,la créativité et l'innovation au niveau des produits
Application Mobile/Ch.net,bpentreprise.net
Application Mobile/Ch.net,0
Application Mobile/Ch.net,faire des collaborations
Service en agence,des offres pour les jeunes
Service en agence,bon service avec les clients
Service en agence,la communication
Service en agence,tout est bien sauf le client a trouvé des problèmes a l’étranger reming ca marche pas 
Service en agence,il faut confirmer avec le client pour chaque changement sur son compte
Service en agence,ajouter des offres pour les jeunes
Problèmes Gab,prb guichet automatique
Service en agence,possibilité de liaison du compte paypal avec le compte bp
Application Mobile/Ch.net,tarification des packs
Problèmes Gab,guichet
Application Mobile/Ch.net,application
Attente en agence,retard demande de mutation de compte
Application Mobile/Ch.net,les anomalies sur l'application chaque début du mois 
Problèmes Gab,portefeuilles cartes guichets + gab vide les weekends
Application Mobile/Ch.net,beug
Service en agence,la carte pour les retraités
Application Mobile/Ch.net,tout et bien
Attente en agence,le manque d'information
Service en agence,facilites pour les crédits
Problèmes Gab,gab 
Application Mobile/Ch.net,les prélèvements 
Service en agence,et répondre sur le fixe de l'agence
Application Mobile/Ch.net,à améliorer
Service en agence,durée de remise de chèque / paiement des factures
Application Mobile/Ch.net,améliorer le service bp bourse
Problèmes Gab,soucis au niveau des gab à errachidia
Application Mobile/Ch.net,ajouter sur l'application le marchand qui occupe la branche d'eau à had soualem
Application Mobile/Ch.net,tout est bien
Problèmes Gab,gab inexistant agence
Service en agence,le mauvais comportement des agents
Problèmes Gab,prb guichets automatique
Application Mobile/Ch.net,effectuer toutes les opérations sur le site chaabi net
Attente en agence,les frais des packs
Application Mobile/Ch.net,mise à jour app
Problèmes Gab,soucis au niveau du gab en panne à daroua
"Améliorer l'offre crédit(taux,process,time)",souhaite bénéficier d'un crédit malgré le revenu est a 1800dh
Service en agence,"encaissement des cheque dans n'importe qu'elle agence bp , augmenté le plafonds des retraits des cartes bancaires"
Service en agence,comportement  personnels
Application Mobile/Ch.net,retard comptabilisation
Service en agence,"manque personnels ,"
Service en agence,service d'agence a distance
Service en agence,manque personnel
Attente en agence,banque unique / plafond de retrait par carte
Frais élevés des produits et services,la gratuité des alertes sms
Frais élevés des produits et services,les frais packs
Frais élevés des produits et services,des prevements injustifier
Service en agence,le traitement des employés avec les clients
Service en agence,la facilite des services
Application Mobile/Ch.net,les cartes monétiques
Frais élevés des produits et services,retard de comptabilisation
Application Mobile/Ch.net,problème virement
"Améliorer l'offre crédit(taux,process,time)",acceptation des dossiers crédit
Service en agence,versement depuis l'agence
Attente en agence,manque personnels
Problèmes Gab,alimentation des gab (weekend)
Application Mobile/Ch.net,comptabilisation des montants
Frais élevés des produits et services,taux crédit élevée
Application Mobile/Ch.net,chaabi mobile
Service en agence,système
Application Mobile/Ch.net,"paiement , retard de comptabilisation"
Application Mobile/Ch.net,la comptabilisation des opérations
Application Mobile/Ch.net,la comptabilisation des opérations
Service en agence,retard des mutations  de compte
Problèmes Gab,mutation de compte
Problèmes Gab,problème affichage
Application Mobile/Ch.net,la sécurité
Application Mobile/Ch.net,affichage erroné du solde
Application Mobile/Ch.net,update de l'application pb
Service en agence,pas d'agence dans les zones rurales
Frais élevés des produits et services,frais carte monétique
Service en agence,manque personnels
Frais élevés des produits et services,trop commissions
Frais élevés des produits et services,commissions
Service en agence,comportement personnels
Problèmes Gab,retrait déplacé
Application Mobile/Ch.net,développement
Service en agence,comportemment personnel
Service en agence,le changements des personnels
Service en agence,manque personnels
Problèmes Gab,rénovations des guichets
Service en agence,comptabilisation des opérations le jour même
Frais élevés des produits et services,les prélèvements
Service en agence,comportement personnels (sécurité )
Service en agence,comportement personnels
Service en agence,des appels sortant pour faire des investissements avec les montants qui sont dans les comptes sur carnet
Service en agence,comportements personnels
Frais élevés des produits et services,des prélèvements injustifié
Service en agence,personnel
Service en agence,l'accompagnements des clients
Service en agence,comportement agence
Problèmes Gab,digitalisation des gab
Service en agence,nombre de personnel
Attente en agence,manque d'effectif
Service en agence,manque des agents de caisse
"Améliorer l'offre crédit(taux,process,time)",credit  conso
Attente en agence,manque des caissiers
Application Mobile/Ch.net,chaabi mobile
Service en agence,demande carte bancaire dans  n'importe agnece
Service en agence,améliorer système bancaire
Service en agence,manque personnels
"Améliorer l'offre crédit(taux,process,time)",pour les jeunes
Service en agence,pour les clients déplacé dans n'importe  d'agence
Problèmes Gab,améliorer le systeme bancaire
Frais élevés des produits et services,la facilité de caisse
Frais élevés des produits et services,les frais élevé des carte et gestion de compte
Application Mobile/Ch.net,les services a distance
Application Mobile/Ch.net,développement pocket bank
Frais élevés des produits et services,frais packs
Frais élevés des produits et services,frais élevé service interbancaire
Service en agence,sécurité des compte
Frais élevés des produits et services,envoi postal
Service en agence,l'attente
"Améliorer l'offre crédit(taux,process,time)",conso
Application Mobile/Ch.net,virement permanent
Attente en agence,manque de personnel
"Améliorer l'offre crédit(taux,process,time)",diminution intérêt débiteurs
Service en agence,système ko
Frais élevés des produits et services,communication des infos clients
Problèmes Gab,un seul guichet dans la ville ain atiq et reste la plupart de temps hors service
Application Mobile/Ch.net,transparence et digitalisation pocket bank
Service en agence,améliorer le système bancaire
Application Mobile/Ch.net,comptabilisation des operations
"Améliorer l'offre crédit(taux,process,time)",les frais packs
Application Mobile/Ch.net,virement
Service en agence,comportement du personnel agence
Service en agence,conventions
Problèmes Gab,versement depuis le gab
Attente en agence,manque personnels
Service en agence,comportement personnels
Problèmes Gab,soucis au niveau du guichet twin center toujours hors service
Problèmes Gab,retard de la comptabilisation
Service en agence,clôture de compte
Application Mobile/Ch.net,apple face
Problèmes Gab,alimentation des gab
Service en agence,souci cnx système  d'agence
Service en agence,comportement personnels
Application Mobile/Ch.net,chèque n'importe quelle agence
Application Mobile/Ch.net,frais non justifiés / paiement cnss depuis l'application
Service en agence,répondre les clts par téléphone
"Améliorer l'offre crédit(taux,process,time)",sans intérêt
Service en agence,comportement personnels
Problèmes Gab,retard de comptabilisation
"Améliorer l'offre crédit(taux,process,time)",pour les retraites
Service en agence,crédit sans intérêt
Application Mobile/Ch.net,les prélévements
Service en agence,manque de personnel
Application Mobile/Ch.net,signature électronique des relevés sur application / augmenter capacité gab
Frais élevés des produits et services,les prélèvements
Problèmes Gab,"les alertes sms (retard d'envoi) , plafond carte"
Service en agence,la rapidité des services
Service en agence,"manque de personnel , communication"
Problèmes Gab,"les prélèvements non justifies , soucis de système et de connexion au niveau de l'agence"
Frais élevés des produits et services,les prélèvements
Problèmes Gab,pas assez de gab dans la ville youssoufia
Service en agence,cloture de compte automatique après 1 mois
Application Mobile/Ch.net,chaabi net
Service en agence,l'agence répond au téléphone
Application Mobile/Ch.net,application pocket bank
Frais élevés des produits et services,commissions
Application Mobile/Ch.net,retard de comptabilisation
Service en agence,la proximité
Service en agence,retrait avec un chèque
Problèmes Gab,hors service
Service en agence,digitaliser la procédure
Service en agence,traitement de cheque au niveau des agences permanent samedi
Application Mobile/Ch.net,soucis système solde
Service en agence,souci réseau
Service en agence,ajouter des conseillers en été à la banque
Attente en agence,système nul en agence  / retard de réception de virement
Service en agence,retard de la comptabilisation
Service en agence,"système , blocage d'argent"
Service en agence,manques du personnels au niveau de l'agence
Service en agence,caisse
Application Mobile/Ch.net,améliorer le service monétique
Application Mobile/Ch.net,temps de traitement du dossier de crédit
"Améliorer l'offre crédit(taux,process,time)",résoudre souci de résaux en agence
Application Mobile/Ch.net,paiement
Application Mobile/Ch.net,possibilité de faire des virements via application avec un montant moins de 100dh
Problèmes Gab,les guichets au niveau des petites villes
Service en agence,amélioration de service au niveau d'agence
Service en agence,récupération carte monétique
Application Mobile/Ch.net,les virements
Frais élevés des produits et services,virement executes  jours ouvrables
Application Mobile/Ch.net,le design de l'application
Service en agence,service sur d'autre agences
Attente en agence,améliorer le système bancaire
Application Mobile/Ch.net,virement pocket bank
Problèmes Gab,augmenter plafond retrait carte prima
Application Mobile/Ch.net,manque d'effectif en agence
Attente en agence,manque du personnel
"Améliorer l'offre crédit(taux,process,time)",avance
Frais élevés des produits et services,retard de comptabilisation
"Améliorer l'offre crédit(taux,process,time)",des facilite des crédits
Service en agence,comportement personnels
Frais élevés des produits et services,securite  de  compte
Application Mobile/Ch.net,paiement
Service en agence,coomportement personnels
Service en agence,système
Application Mobile/Ch.net,chaabi mobile
Problèmes Gab,dans week end
Application Mobile/Ch.net,monétique
Problèmes Gab,"disponibilité des gab , services monétique"
Application Mobile/Ch.net,traitement des service dans n'importe agence
Application Mobile/Ch.net,digitalisation bancaire
Application Mobile/Ch.net,retard de la comptabilisation des opérations
Attente en agence,manque de personnel
Application Mobile/Ch.net,souci pocket bank et probleme gab
"Améliorer l'offre crédit(taux,process,time)",souci poket bank
Frais élevés des produits et services,les prélèvements
Application Mobile/Ch.net,commissions élevés
Service en agence,l'effectif d'agence
Application Mobile/Ch.net,retard de la comptabilisation
Service en agence,souci système d'agence
Service en agence,comportement personnels
Service en agence,"comportement agence , agence hay saada  (fès )"
Application Mobile/Ch.net,annulation des virements
Service en agence,appel coupé
Problèmes Gab,crédit immobilier
Service en agence,dépôt de chèque
Service en agence,traitement dans n'importe agence
Application Mobile/Ch.net,les paiements internet
Service en agence,les alertes sms
Application Mobile/Ch.net,la gratuite des services pocket bank
Application Mobile/Ch.net,ajouter une rubrique au niveau du pocket bank qui montre tous les taux d'intérêts pour les crédits
Frais élevés des produits et services,les prélèvements injustifié
Service en agence,rapidité de traitement
Application Mobile/Ch.net,develepopement pocket bank
"Améliorer l'offre crédit(taux,process,time)",des facilites
Problèmes Gab,la bourse en ligne
Service en agence,état d'esprit
Frais élevés des produits et services,commission sms
Service en agence,manque personnels
Service en agence,agence deplace et des prelevements injustifier
Attente en agence,temps d'attente dans la caisse
Attente en agence,manque de personnel au niveau des agences
Frais élevés des produits et services,améliorer l'offre crédit
Attente en agence,temps d'attente dans la caisse
Attente en agence,manque d'effectif
Service en agence,panne du système
Problèmes Gab,plafond retrait
Attente en agence,manque de personnel
"Améliorer l'offre crédit(taux,process,time)",pour les retraites
Service en agence,aucune suggestion
Service en agence,monetique
Problèmes Gab,paiement
Service en agence,créer une agence dans hay mohammedi
Service en agence,l'agence ne réponds pas au téléphone
Service en agence,traitement dans n'importe d'agence
Service en agence,système
Problèmes Gab,rajouter des agences de permanence
Problèmes Gab,manque personnels
Application Mobile/Ch.net,sms
Problèmes Gab,manque de guichets automatiques
Application Mobile/Ch.net,sms
Attente en agence,manque personnels
Frais élevés des produits et services,les prélèvements
Application Mobile/Ch.net,alerte email
Application Mobile/Ch.net,comptabilisation des opérations instantanément
Application Mobile/Ch.net,attestations rib
Problèmes Gab,retrait au niveau d'autres agences
Attente en agence,manque de personnel à l'agence
"Améliorer l'offre crédit(taux,process,time)",manque de personnel au niveau de l'agence
Attente en agence,manque personnels
Service en agence,traitement de certaines opérations sans se déplacer à l'agence
Service en agence,comportement inapproprié
Service en agence,augmenter le chiffre des agences
Service en agence,versement en agence
Problèmes Gab,pour les weekends
Application Mobile/Ch.net,app pocket bank
Service en agence,manque personnel
Service en agence,souci réseau
Application Mobile/Ch.net,mise à jour
Application Mobile/Ch.net,crédit
Frais élevés des produits et services,plafond de retrait par carte
Service en agence,aucune suggestion
Application Mobile/Ch.net,retard de la comptabilisation
Problèmes Gab,montant 200 dh
"Améliorer l'offre crédit(taux,process,time)",monétique
Application Mobile/Ch.net,digitalisation
Service en agence,service a distance
Service en agence,service dans n'importe quelle agence dans la même ville
Application Mobile/Ch.net,développement pocket bank
Application Mobile/Ch.net,retard comptabilisation application
Attente en agence,manque personnels
Service en agence,traitement des demandes a distance
Service en agence,comportement personnels
Service en agence,retrait au niveau d'agence sans frais
Service en agence,frais ouverture compte
Frais élevés des produits et services,disponibilite d'agence merzouga
Application Mobile/Ch.net,retard comptabilisation
Application Mobile/Ch.net,disponibilité plus de marchand au niveau d'application (oncf...)
Application Mobile/Ch.net,retard de comptabilisation
Application Mobile/Ch.net,retard de la comptabilisation
Service en agence,amélioration de service
Application Mobile/Ch.net,retard comptabilisation
Application Mobile/Ch.net,retard comptabilisation application
Service en agence,retard de comptabilisation
Application Mobile/Ch.net,souci virement
Application Mobile/Ch.net,sms
Service en agence,systeme
Application Mobile/Ch.net,sms
Frais élevés des produits et services,service client
Service en agence,avoir une agence en permanence le samedi
Frais élevés des produits et services,les prélèvements injustifié
Attente en agence,manque personnels
Service en agence,disponibilite chaabi bank
Service en agence,*amélioration platforme bp bourse
Service en agence,service a distance
Service en agence,banque unique
Frais élevés des produits et services,les frais services
Service en agence,retard de disponibilité des documents au niveau de l'agence
Service en agence,srvices a distance
Attente en agence,manque de personnel
Application Mobile/Ch.net,comportement personnels
Service en agence,disponibilite d'agence
Application Mobile/Ch.net,digital
Service en agence,comportement de personnel
Attente en agence,manque de personnels
Application Mobile/Ch.net,digital
Application Mobile/Ch.net,retard de comptabilisation
Service en agence,comportement personnel
Frais élevés des produits et services,des virements instantané
Application Mobile/Ch.net,mise à jour des transactions
Frais élevés des produits et services,r
Attente en agence,digitalysation des viressement
Application Mobile/Ch.net,disponobilité plus des marchands a l'application / possibilité de transferé les fonds de paypal vers le  compte
"Améliorer l'offre crédit(taux,process,time)",service de credit
Application Mobile/Ch.net,sms
Service en agence,comportement personnels
Service en agence,facilité les tâches au niveau de l'agence
Problèmes Gab,augmentation de plafond de retrait journalière sur la carte la prima
Problèmes Gab,non réception des courriels postale
Service en agence,amélioration de service en ligne
Service en agence,comportement de personnel
Service en agence,amélioration de service
Service en agence,amélioration de service entre les agences
Application Mobile/Ch.net,retard de la comptabilisation / disponibilité des offres monétique
Service en agence,souci de cnx
Service en agence,des facilites
Service en agence,amélioration de service entre les agences
Application Mobile/Ch.net,pplication mobile/ch.net
Service en agence,services interne
Service en agence,traitement des services dans n'importe agence
Service en agence,manque personnel et comportement personnels
Attente en agence,manque effectif
Service en agence,comportement personnels
"Améliorer l'offre crédit(taux,process,time)",sans interet
"Améliorer l'offre crédit(taux,process,time)",sans intérêt
Service en agence,tikiouine targa
Service en agence,amélioration de service entre les agences
Attente en agence,manque de personnel au niveau de l'agence
Service en agence,amélioration de service entre les agences
Service en agence,rapidité de traitement des demandes mutation de compte
Service en agence,système
Application Mobile/Ch.net,digitalisation de quelques services sur l'application
Attente en agence,sourire et dynamisme en agence
Service en agence,service client 24h/24h
Application Mobile/Ch.net,compte sur carnet seul sur application
Service en agence,traitement des demandesdes agences non gérante du compte
Frais élevés des produits et services,assurance
Service en agence,disponibilite d'agence casablanca
Service en agence,système en panne 
Service en agence,plafonds virement
Frais élevés des produits et services,commissions élevés / paiement par carte
Service en agence,disponibilité des agences au niveau de l'aéroport
Attente en agence,manque de personnel
Attente en agence,manque de personnel 
Problèmes Gab,la connexion des gab
Service en agence,mutation de compte
"Améliorer l'offre crédit(taux,process,time)",crédit immobilier
Application Mobile/Ch.net,service virement
Service en agence,comportement personnel
Application Mobile/Ch.net,retard des alertes sms et comptabilisation
"Améliorer l'offre crédit(taux,process,time)",les plafonds des credits
Application Mobile/Ch.net,retard de la comptabilisation
Service en agence,système nul en agence
Service en agence,comportement personnel et les chefs  directeur et connexion
Problèmes Gab,retard de délivrance de carte + soucis de système au niveau de l'agence
"Améliorer l'offre crédit(taux,process,time)",surtout pour les jeunes
Application Mobile/Ch.net,des améliorations application pocket bank
Service en agence,manque de personnel (caissier)
Frais élevés des produits et services,les prélèvements 
Application Mobile/Ch.net,facilité et digitaliser la procédure au niveau d'agence
Attente en agence,manque personnels
Service en agence,manque de personnel
Application Mobile/Ch.net,comptabilisation à jour / une application pour les comptes sociétés
Service en agence,manque des personnels au niveau de l'agence
Frais élevés des produits et services,gratuité des attestations  bancaire
Service en agence,disponibilité des personnels au niveau d'agence
Service en agence,traitement des demandes
Service en agence,comportement de personnel
Service en agence,digitaliser les services
Service en agence,retard d'encaissement des chèques
Service en agence,possibilite de faire des virements sur toutes les agences
Service en agence,soucis de système
Service en agence,les personnels ne répond pas au téléphone
Service en agence,améliorer le systeme bancaire
Application Mobile/Ch.net,amélioration  pocket bank
Application Mobile/Ch.net,facilité du traitement des demandes dans une autre agence
Application Mobile/Ch.net,banque populaire au milieu rural
Application Mobile/Ch.net,personnel bp : trouve un problème : au niveau  client essaye de faire une transaction sur bp entreprise un message d'erreur s'affiche '' vous ne possédez aucun compte+ souci virement instanté
Problèmes Gab,week end
"Améliorer l'offre crédit(taux,process,time)",taux d'intérêt
Problèmes Gab,alimentation en weekend
Service en agence,soucis de système  être midi et 14 h
Frais élevés des produits et services,gratuité des alertes sms
Application Mobile/Ch.net,paiements en ligne 
Application Mobile/Ch.net,des instabilités pocket bank
Frais élevés des produits et services,frais du relevé bancaire
Application Mobile/Ch.net,des instabilités pocket bank des paiement  non abouti
Application Mobile/Ch.net,retard de comptabilisation
Service en agence,mutation de compte 
Application Mobile/Ch.net,les publicités pour les opérations effectuées depuis application
Service en agence,le traitement des demandes des client dans n'importe quelle agence
Service en agence,améliorer  le système bancaire
Frais élevés des produits et services,les prélèvements
Frais élevés des produits et services,frais carte élevés
Frais élevés des produits et services,améliorer les offres pour les anciens clients
Service en agence,une amélioration au niveau des horaires de l'agence
Frais élevés des produits et services,commissions retrait interbancaire
Frais élevés des produits et services,montant crédit
Frais élevés des produits et services,la gratuite des services
Application Mobile/Ch.net,retard de la comptabilisation
Frais élevés des produits et services,des  prélèvements injustifié
Application Mobile/Ch.net,retard de comptabilisation
Application Mobile/Ch.net,rib cacheté +relevé bancaire au niveau de pocket bank + qualité de la luminosité au niveau de gab
Problèmes Gab,plafond de la carte
Problèmes Gab,ghichet
Application Mobile/Ch.net,digitalisé les services
Service en agence,manque de personnel + system en panne 
Application Mobile/Ch.net,retard de comptabilisation
Frais élevés des produits et services,diminution des frais de packs pour les étudiants
Frais élevés des produits et services,des  prélèvements  injustifié
Problèmes Gab,gab vide
Service en agence,sercice client
Service en agence,l'agence ne répond pas sur le téléphone
Attente en agence,augmenter personnel de l'agence
Application Mobile/Ch.net,retard de la comptabilisation des opérations
Service en agence,"des cadeaux exemple: stylo, pochette, agenda"
Application Mobile/Ch.net,retard de comptabilisation . souci de téléchargement e-documents
Problèmes Gab,augmentation  des plafonds mad
Application Mobile/Ch.net,commission sur paiement en ligne
Service en agence,l'effectif au niveau de l'agence
Application Mobile/Ch.net,la comptabilisation des opérations
Service en agence,mauvaise comportement avec les clients au niveau de l'agence
Service en agence,réseau système
Application Mobile/Ch.net,plafond des virements
"Améliorer l'offre crédit(taux,process,time)",augmenter le plafond de retrait de la carte monétique
Application Mobile/Ch.net,les frais services
Application Mobile/Ch.net,retard de comptabilisation
Service en agence,facilité la procédure pour obtenir un crédit
Attente en agence,comportement agent
Service en agence,développement de service
Service en agence,le client n'arrive pas à joindre l'agence sur leur numéro
Application Mobile/Ch.net,retard recepection msg chaabi mobile
Application Mobile/Ch.net,retard de comptabilisation
Attente en agence,service trop long
Service en agence,carte gratuite pour les jeunes
Service en agence,compte etudiant gratuit
Problèmes Gab,versement depuis gab
Service en agence,manque de personnel et retard traitement de demande
Service en agence,développement sur l'accueil au niveau de l'agence
Service en agence,disponibilité plus de personnel
Application Mobile/Ch.net,ajouter la mutation de compte sur pocket bank
Service en agence,le changement abusif de personnel
Service en agence,accueil en agence
Application Mobile/Ch.net,rendre tout le service en ligne
Service en agence,plus de formation pour le personnel au niveau de l'agence
Application Mobile/Ch.net,souci virement instantané / erreur application
Service en agence,éliminer la commande cash en avance
Problèmes Gab,"surveillance des personnels  ,"
Problèmes Gab,gab pour les personnes aveugles
Service en agence,le service nul et le comportement des personnels inappropriés
Service en agence,système d'agence problème  connexion
Problèmes Gab,rajouter plus de gab
Application Mobile/Ch.net,document
Service en agence,comportement d'agence
Attente en agence,manque personnels agence
Application Mobile/Ch.net,simplifier les taches
Application Mobile/Ch.net,releves sur champs
Attente en agence,rapidité
Application Mobile/Ch.net,abonnement chaabi net  pour les compte sur carnet seulement
Frais élevés des produits et services,diminution des commissions
Service en agence,accueil au niveau de l'agence
Application Mobile/Ch.net,application pour le compte d'épargne
Service en agence,manque personnels d'agence
Application Mobile/Ch.net,pocket bank
Application Mobile/Ch.net,personnalisation des services depuis pocket bank
Problèmes Gab,versement au niveau de gab
Application Mobile/Ch.net,augmentation des plafonds  virement
Service en agence,retard délivrance  des attestation
Service en agence,manque personnels
Problèmes Gab,affichage sur écran de gab
Application Mobile/Ch.net,pour le compte sur carnet
Problèmes Gab,disponibilité des agences
Application Mobile/Ch.net,application
"Améliorer l'offre crédit(taux,process,time)",les crédits sans intérêt
"Améliorer l'offre crédit(taux,process,time)",crédit immo
Service en agence,manque des personnels au niveau de l'agence
Service en agence,l'agence ne répond pas aux appels des clients
Service en agence,comportement personnel
"Améliorer l'offre crédit(taux,process,time)",pour les retraits
Frais élevés des produits et services,le client demande d'annuler les frais d'assurance non demander par le client
"Améliorer l'offre crédit(taux,process,time)",avance sur salaire
Application Mobile/Ch.net,frais des services auprès  pocket bank
Service en agence,surveillance des carnets de cheque
Application Mobile/Ch.net,mutation de compte
Problèmes Gab,alimentation des gab  
Application Mobile/Ch.net,retard de comptabilisation des opérations
"Améliorer l'offre crédit(taux,process,time)",un retour rapide pour les demandes crédits
Application Mobile/Ch.net,annuler les frais commission 3dhs pour les paiements en ligne
"Améliorer l'offre crédit(taux,process,time)",rapidité pour les demandes crédit
Problèmes Gab,généraliser les alimentations des compte via gab 
Service en agence,les carte international
Service en agence,manque de personnel
Attente en agence,manque d'agence
Service en agence,problème de système en agence
Service en agence,facilite de transfert ente les agent
Application Mobile/Ch.net,l'application pocket bank n'est pas à jour
Service en agence,manque d'agence
Service en agence,mélioré le service des sms
Attente en agence,manque d'agence
"Améliorer l'offre crédit(taux,process,time)",agence pas accordé le crédit
Service en agence,le client souhaite d'ajouter la machine de ticket d'attente dans l'agence
Frais élevés des produits et services,prélèvement non justifiée
Attente en agence,rajouter plus dagents au niveau de les ageneces
Service en agence,le client réclame qu'il doit être plusieurs des agents dans l'agence
Attente en agence,manque de caisse
Frais élevés des produits et services,prélèvement non justifiée
Service en agence,problème au niveau la carte
Service en agence,le client cherche le respect de la part des agents de la banque
Service en agence,améliorer le service des sms
Frais élevés des produits et services,les prélèvement élevé
Service en agence,améliorer le service des sms
Service en agence,lagence ne veut pas fait le versement au autres les banques
Service en agence,retard de traitement
Frais élevés des produits et services,les prélèvements élevés
Frais élevés des produits et services,mauvaise service
Service en agence,retard de virment
Service en agence,retard de traitement
Application Mobile/Ch.net,l'application pocket bank n'est pas à jour
Service en agence,le client cherche le respect de la part des agents de la banque
Application Mobile/Ch.net,retard de traitement
Application Mobile/Ch.net,diminuer les frais de service
Attente en agence,manques des personnels
Service en agence,"absence des personnels , souscis au niveau de la caisse"
Service en agence,contrôle à l'agence
Service en agence,manque des personnels au niveau d'agence
Problèmes Gab,la disponibilité du liquide au niveau des gabs
Problèmes Gab,manque de gab surtout dans les villages
Service en agence,comportement de personnel
"Améliorer l'offre crédit(taux,process,time)",les alertes sms et mail
Service en agence,augmentation des personnels
Service en agence,soucis système  d'agence
Attente en agence,avoir plus d'agences
Application Mobile/Ch.net,retard de reception de virement
Service en agence,manque personnels
Service en agence,mauvaise comportement avec les clients
Service en agence,disponibilité d'agence
Service en agence,ameleoration le site web de bp entreprise
Service en agence,manque pesrsonnel
Attente en agence,retard de sa demande de transfert de compte
Service en agence,perosnnel
Service en agence,des prelevements injustifie
"Améliorer l'offre crédit(taux,process,time)",deminuer le taux de crédit
Application Mobile/Ch.net,activation de la dotation touristique à distance
Application Mobile/Ch.net,débité non servi / application dédiée aux entreprises
Application Mobile/Ch.net,la rapidité de comptabilisation au niveau de pocket bank/chaabi net
Service en agence,le remplacement du personnel au niveau de l'agence pendant la pause déjeuner
Service en agence,rapidité de service
Problèmes Gab,possibilité de retirer un montant minimum de 20dh depuis le gab
Service en agence,comportement de personnel
"Améliorer l'offre crédit(taux,process,time)",améliorer l'offre crédit pour les retraités
Service en agence,des nouvelles mesures pour les comptes retraités
Service en agence,le comportement le personnels de petit villes et la bonne communication avec les clients
Service en agence,manque de personnel a l'agence
Frais élevés des produits et services,les taux de crédit élevés
Service en agence,comportement de personnel
Service en agence,la non prise en charge ses demandes au niveau de l agence
Application Mobile/Ch.net,retard de comptabilisation au niveau de pocket bank/chaabi net
Service en agence,la qualité de service des personnelle de bp
Frais élevés des produits et services,frais eleves des cartes
Frais élevés des produits et services,déminuer les frais
Service en agence,manque des personnels
Service en agence,mauvaise comportement dans quelques agences
Service en agence,système bancaire
"Améliorer l'offre crédit(taux,process,time)",la non validation d'une demande de crédit pour le statut autoentrepreneur
"Améliorer l'offre crédit(taux,process,time)",réduire taux d'intérêt au crédit
Attente en agence,retard de mutation de compte
Service en agence,le comportement de personnel des agences
Service en agence,le syteme down au niveau de l agence ainsi que blocage sur la carte avant la date d'experation
Problèmes Gab,mise à jour régulière pour les gab / comportement de personnel
Service en agence,la prise en charge des demandes des client (pas d'absences des agents)
Service en agence,la dotation touristique soit etre activer automatiquement soit sur l'activation:
Service en agence,des facilités sans se déplacer vers l'agence pour chaque demande
Service en agence,clôture de compte de compte
Attente en agence,retard de comptabilisation
Service en agence,changement chef d agence a chaque fois
Service en agence,mauvaise comportement
Service en agence,le comportement / l'accueil / plafond retrait la carte prima
Service en agence,agence
Frais élevés des produits et services,le prelevemtn des faris assurance sans le demander par le client
Service en agence,manque des personnels
Service en agence,non prise en charge de la demande de client dans une agence qui n'est pas son agence principal
Service en agence,manque personnels au niveau de l agence
Problèmes Gab,tutoriel de paiement de la vignette ne pas mentionner le matricule exemplaire
Problèmes Gab,faire des gab pour le change du devise
Service en agence,lenteur au niveau de service a l'agence
Service en agence,problème de système
Service en agence,mauvaise comportement des personnels
Service en agence,améliorer l'acceuil au niveau de l'agence
"Améliorer l'offre crédit(taux,process,time)",taux
Service en agence,retrait agence
Attente en agence,ajouter des personnels au niveau d'agence
Service en agence,manque de personnel
Service en agence,des facilitées pour les changements de signalétique
Attente en agence,manques des personnels
Service en agence,retard de mutation de compte
Problèmes Gab,amélioration des gab ( des gab pour faire des versements )
Service en agence,retard de réception d'attestation de rib
Service en agence,non prise en charge de sa demande par téléphone
Frais élevés des produits et services,alertes sms à jour
Attente en agence,manques de personnels
Service en agence,le comportement les personnels
"Améliorer l'offre crédit(taux,process,time)",credit sans interet
Service en agence,le comportement du personnel en agence
Service en agence,comportement d'agence
Application Mobile/Ch.net,rapidité de la comptabilisation
Service en agence,retard a l'agence
Application Mobile/Ch.net,retard de la capitalisation
"Améliorer l'offre crédit(taux,process,time)",accepter les demandes de reporter  les traits de credit
Service en agence,service a distance
Attente en agence,manques des personnels
Application Mobile/Ch.net,retard de la comptabilisation au viveau de pocket bank et chaabi net + effectuer la carte la i c@rd rechargeable et non lie directement au solde du compte
Application Mobile/Ch.net,possibilité pour retirer à partir de 20dh
Service en agence,la non prise en charge ses demandes au niveau de l agence
Problèmes Gab,non disponibilité des gab pour dépôt d'argent
Service en agence,la non prise en charge ses demandes auprès de son agence
Service en agence,trop de commissions
"Améliorer l'offre crédit(taux,process,time)",demande de crédit 100% en ligne
Service en agence,comportement du personnels d'agence
Service en agence,plus de personnel à l'agence
Service en agence,mauvaise comportement
Problèmes Gab,capture des cartes au niveau de gab
Frais élevés des produits et services,frais etudiant
Service en agence,système down
Application Mobile/Ch.net,transfert zxpress
Service en agence,mauvais comportement de personnel / retard de comptabilisation
Service en agence,"la cliente demande des pièces monétaire dans les agences vu qu'elle travaille dans une pharmacie , et pour la garde  elle doit ces pièces la"
Application Mobile/Ch.net,retard d 'affichage
Application Mobile/Ch.net,retard de comptabilisation
Service en agence,retard de délivrance
Service en agence,le comportement / la comptabilisation à jour
Attente en agence,manque des personnels
Service en agence,la communication avec les clients et le comportement
Service en agence,comportement des personnels
Service en agence,manque personnel
Service en agence,lenteur au niveau de l'agence
Application Mobile/Ch.net,le client réclame les envois posteaux
Frais élevés des produits et services,le client réclame les envois postaux
Service en agence,le client réclame les envois sms
Service en agence,améliorer le service des sms
Service en agence,manque d'agence
Service en agence,améliorer les services
Service en agence,le client souhaite d'ajouter la machine de ticket d'attente dans l'agence
Service en agence,le client réclame que ses demandes ne sont pas traités au niveau d'autres agences appart son agence habituelle
Service en agence,attente en agence
Problèmes Gab,manque d'agence
Service en agence,retard en en agence
Service en agence,le client réclame qu'il doit être plusieurs des agents dans l'agence
Service en agence,manque de personnel
Service en agence,prélèvement non justifiée
Problèmes Gab,le client reclame que ne peut pes paye les factures par guichet
Problèmes Gab,manque d'agence /manque de gab
Service en agence,retard en agence
Service en agence,retard de virment
Service en agence,le client souhaite une carte international
Problèmes Gab,les numéros est supprimer
Service en agence,le client réclame qu'il doit trouver une façon très rapide pour le versement
Service en agence,attente en agence
Service en agence,retard de virment
Service en agence,prélèvement non justifiée/retard de traitement /mieux communiquer avec le client
Application Mobile/Ch.net,l'application mobile n'est pas à jour
Problèmes Gab,manque de gab
Problèmes Gab,manque d'agence /manque de gab
Problèmes Gab,améliorer le service des sms
Service en agence,le client réclame que ses demandes ne sont pas traités au niveau d'autres agences appart son agence habituelle
Frais élevés des produits et services,retard traitement
Application Mobile/Ch.net,le client réclament que ses demandes ne son pas traités au niveau d'autres agences appart de son agence le client réclament que ses demandes ne son pas traités au niveau d'autres agences appart de son agence habituelle l
"Améliorer l'offre crédit(taux,process,time)",le client demande la facilité de crédit
Service en agence,manque d'agence
Application Mobile/Ch.net,lapplication pocket bank
Service en agence,traiter la demande de client au niveau de nimporte quel agence   bp
Service en agence,la securité
Attente en agence,retard de traitement
Application Mobile/Ch.net,retard de virment
Problèmes Gab,les problemes des gab
Problèmes Gab,les prélèvements non justifiée
Attente en agence,manque de caisse
Application Mobile/Ch.net,lapplication
Problèmes Gab,manque d'agence
Service en agence,retard de traitement
Frais élevés des produits et services,traiter la demande au niveau de  n'importe quel agence
Problèmes Gab,les problèmes de gab
Problèmes Gab,manque d'agence
Frais élevés des produits et services,traiter les demandes de transfere du compte des client rapidement
Service en agence,améliorer la qualité des agents de sécurité
Frais élevés des produits et services,le client réclame les envois des sms
Service en agence,manque de personnel
Problèmes Gab,carte guichet international
Service en agence,le client réclame que ses demandes ne sont pas traités au niveau d'autres agences appart son agence habituelle
Attente en agence,la surveillance an agence
Service en agence,la disponibilité d'un agence tous jours
Application Mobile/Ch.net,problème de système en agence
Problèmes Gab,le client réclame que ses demandes ne sont pas traités au niveau d'autres agences appart son agence habituelle
Service en agence,retard de virment
Service en agence,ameliorer la degitalisation
Service en agence,ne pas recevoir des couriers a ladresse de
Service en agence,traiter la demande de client au niveau de nimporte quel agence bp
Service en agence,manque d'agence
Service en agence,problème de système en agence
Service en agence,rzjouter plus d'agences au niveau de tous le maroc
Frais élevés des produits et services,prélèvement non justifiée
Service en agence,retrad de virment
Service en agence,problème de système en agence
Application Mobile/Ch.net,les comissions injustifié
Application Mobile/Ch.net,améliorer les services en ligne
Service en agence,manque d'agence
Application Mobile/Ch.net,retard de traitement
Service en agence,aider les clients
Service en agence,traiter la demande de client au niveau de n'importe quel agence
Service en agence,faciliter les services
Application Mobile/Ch.net,améliorer le service des sms
Service en agence,la digitalisation
"Améliorer l'offre crédit(taux,process,time)",améliorer les offres de crédit
Service en agence,la possibilité d'avoir le salaire le jour meme de virement
Application Mobile/Ch.net,amélioré le système informatique
Application Mobile/Ch.net,application mobile
Problèmes Gab,parfois y'a pas de fonds aux guichets
Service en agence,réseau
Attente en agence,le comportement des agents au niveau d'agence 
Service en agence,le service elle a parlé de l'accueil et le sourire et aussi l'attente
Problèmes Gab,prb guichet
Application Mobile/Ch.net,frais et commission
Problèmes Gab,prb guichet
Application Mobile/Ch.net,digitalisation des services
Application Mobile/Ch.net,application pocket bank
Service en agence,"remarque: retard des virements , et au niveau des crédits aussi proposer un taux convenable"
Application Mobile/Ch.net,service à distance et une bonne communication
Application Mobile/Ch.net,les prélèvements
Service en agence,communiquer au client tous les prélèvements déduits sur le compte
Attente en agence,autres : alertes sms en retard
Application Mobile/Ch.net,satisfait
Service en agence,prélèvement injustifié
Attente en agence,manque d'agents
Problèmes Gab,prb guichet
Service en agence,satisfait
Service en agence,ajouter une autre agence à tan tan
Problèmes Gab,prb guichet
Application Mobile/Ch.net,souci générale à l'application / les prélèvements
Service en agence,et crc ne donne pas le délais de traitement des problématiques
Attente en agence,agios non justifié
Application Mobile/Ch.net,la mise à jour instantané pour affiché le solde
Service en agence,il faut baisser les frais des produits et services
Problèmes Gab,prb guichet automatique
Problèmes Gab,prb guichet
Service en agence,clôture de compte à distance
Application Mobile/Ch.net,"et aussi le crc , il a dit que les agents parlent comme des robots et sans sentiments"
Application Mobile/Ch.net,pocket bank
Service en agence,remarque : comportement en agence
Frais élevés des produits et services,les frais eleves  des packs et des sms
Application Mobile/Ch.net,"prélèvement injustifié ,"
Application Mobile/Ch.net,frais injustifié
Problèmes Gab,gab pas de solde en weekend ou bien en maintenance
Application Mobile/Ch.net,prélèvement injustifié
Application Mobile/Ch.net,et les prélèvements
Attente en agence,dans la période de pause dej pas de remplaçant surtout dans la caisse
